SRS_ID	site	sex	HMP_sample_ID	SRRs
SRS1055046	dorsum of tongue	female	596fc2de57601ec08a01fdee59053063	SRR2241026
SRS1055048	gingiva	female	596fc2de57601ec08a01fdee59053b18	SRR2241108
SRS893363	dorsum of tongue	female	596fc2de57601ec08a01fdee5905cd25	SRR1952602
SRS893385	gingiva	female	596fc2de57601ec08a01fdee5905dc94	SRR1952623
SRS893272	dorsum of tongue	male	596fc2de57601ec08a01fdee590be9ec	SRR1952503
SRS1055055	gingiva	male	596fc2de57601ec08a01fdee590bf798	SRR2241116,SRR2241117
SRS893352	dorsum of tongue	female	596fc2de57601ec08a01fdee590cce69	SRR1952591
SRS893355	gingiva	female	596fc2de57601ec08a01fdee590cebe4	SRR1952595
SRS1055059	dorsum of tongue	female	596fc2de57601ec08a01fdee590e87fe	SRR2241208
SRS893325	gingiva	female	596fc2de57601ec08a01fdee590e928f	SRR1952564
SRS893353	dorsum of tongue	female	596fc2de57601ec08a01fdee590f3f12	SRR1952590
SRS893332	dorsum of tongue	male	596fc2de57601ec08a01fdee591e83be	SRR1952569
SRS893338	gingiva	male	596fc2de57601ec08a01fdee591e988c	SRR1952579
SRS149647	gingiva	female	596fc2de57601ec08a01fdee594cd53d	SRR514261
SRS149671	dorsum of tongue	female	596fc2de57601ec08a01fdee594d06de	SRR514853
SRS149690	dorsum of tongue	female	596fc2de57601ec08a01fdee594d500d	SRR1804054,SRR1804891
SRS149696	gingiva	female	596fc2de57601ec08a01fdee594d5146	SRR1804653
SRS149720	dorsum of tongue	male	596fc2de57601ec08a01fdee594d908f	SRR1803857
SRS149882	dorsum of tongue	female	596fc2de57601ec08a01fdee594ec153	SRR1804449
SRS149961	dorsum of tongue	male	596fc2de57601ec08a01fdee594f494f	SRR511921,SRR514311
SRS149973	gingiva	male	596fc2de57601ec08a01fdee594f72f3	SRR512795
SRS150032	dorsum of tongue	male	596fc2de57601ec08a01fdee59500800	SRR1804213
SRS012279	dorsum of tongue	female	faab18e1a137731cffda8825601f7302	SRR059414,SRR059415
SRS012285	gingiva	female	faab18e1a137731cffda8825601f7ec8	SRR059450,SRR059451
SRS011086	dorsum of tongue	female	faab18e1a137731cffda8825601fce09	SRR061957,SRR061958
SRS011098	gingiva	female	faab18e1a137731cffda8825601fd761	SRR059326,SRR059327,SRR062051,SRR062052
SRS011115	dorsum of tongue	male	faab18e1a137731cffda8825601fec6c	SRR061987,SRR061988,SRR062068,SRR062069
SRS011126	gingiva	male	faab18e1a137731cffda8825601ffafd	SRR062013,SRR062014,SRR062055,SRR062056
SRS011140	dorsum of tongue	male	faab18e1a137731cffda88256020100c	SRR062053,SRR062054
SRS011152	gingiva	male	faab18e1a137731cffda88256020196c	SRR061911,SRR061912
SRS012916	dorsum of tongue	female	faab18e1a137731cffda88256020aa90	SRR532400,SRR532408,SRR532412,SRR532417,SRR532754,SRR532761,SRR532762,SRR532769,SRR532771,SRR533242,SRR533257,SRR533265,SRR533269,SRR533374,SRR533376,SRR533406,SRR533407,SRR533906,SRR533910,SRR537757,SRR537841,SRR538073,SRR538123,SRR538144,SRR538194,SRR539306,SRR539308,SRR539324,SRR539331,SRR540928,SRR540948,SRR549452,SRR549487,SRR549528,SRR549533,SRR549541,SRR549543,SRR549549
SRS012922	gingiva	female	faab18e1a137731cffda88256020bdc1	SRR532005,SRR532007,SRR532029,SRR532037,SRR532514,SRR532522,SRR532968,SRR532972,SRR532979,SRR532985,SRR537896,SRR537936,SRR539475,SRR539494,SRR539511,SRR539512,SRR540817,SRR541300,SRR541308,SRR541331,SRR545526,SRR545531,SRR545550,SRR545555,SRR638834,SRR638853,SRR639521,SRR640342,SRR640363,SRR650091
SRS011243	dorsum of tongue	female	faab18e1a137731cffda88256020d3f0	SRR060416,SRR060417
SRS011255	gingiva	female	faab18e1a137731cffda88256020e145	SRR059918,SRR059919
SRS012983	dorsum of tongue	male	faab18e1a137731cffda882560210f26	SRR531989,SRR532490,SRR532493,SRR532500,SRR532523,SRR532969,SRR532983,SRR532987,SRR537910,SRR537954,SRR539801,SRR539809,SRR539812,SRR539824,SRR539991,SRR540012,SRR540409,SRR540424,SRR540444,SRR540447,SRR541337,SRR541353,SRR541359,SRR545454,SRR638749,SRR638867,SRR640368,SRR640392,SRR640544,SRR650069
SRS012989	gingiva	male	faab18e1a137731cffda882560215250	SRR531966,SRR531978,SRR531980,SRR531983,SRR531988,SRR532002,SRR532509,SRR532517,SRR532521,SRR532958,SRR532965,SRR532977,SRR537915,SRR539814,SRR539819,SRR539821,SRR540006,SRR540411,SRR540426,SRR541303,SRR545464,SRR545476,SRR545534,SRR545554,SRR580892,SRR638805,SRR638850,SRR640313,SRR640442,SRR648657
SRS011306	dorsum of tongue	female	faab18e1a137731cffda88256021a27b	SRR059928,SRR059929
SRS011343	gingiva	female	faab18e1a137731cffda88256021b46d	SRR060420,SRR060421
SRS013164	dorsum of tongue	male	faab18e1a137731cffda88256022738b	SRR059848,SRR059849
SRS013170	gingiva	male	faab18e1a137731cffda88256022801d	SRR059866,SRR059867
SRS013234	dorsum of tongue	male	faab18e1a137731cffda88256022f969	SRR061939,SRR061940
SRS013252	gingiva	male	faab18e1a137731cffda882560232e8a	SRR061967,SRR061968
SRS013502	dorsum of tongue	male	faab18e1a137731cffda88256025e06f	SRR061953,SRR061954
SRS013533	gingiva	female	faab18e1a137731cffda8825602651a7	SRR059814,SRR059815
SRS1041114	dorsum of tongue	female	faab18e1a137731cffda8825602664a1	SRR2175746
SRS013651	dorsum of tongue	male	faab18e1a137731cffda8825602740f6	SRR1564166,SRR1564203,SRR1564214,SRR1568947,SRR1568988,SRR1569290,SRR1571120,SRR1571173,SRR1571673,SRR1571682,SRR1571691,SRR1571695
SRS013663	gingiva	male	faab18e1a137731cffda8825602767f8	SRR1564255,SRR1565893,SRR1568852,SRR1568870,SRR1569212,SRR1569295,SRR1569388,SRR1570020,SRR1570126,SRR1571606,SRR1571618,SRR1571684
SRS013705	dorsum of tongue	male	faab18e1a137731cffda88256027ec15	SRR060360,SRR060361
SRS013723	gingiva	male	faab18e1a137731cffda8825602807e0	SRR059888,SRR059889
SRS1041119	dorsum of tongue	male	faab18e1a137731cffda882560284755	SRR2175751
SRS1041121	gingiva	male	faab18e1a137731cffda882560285b83	SRR2175753
SRS013818	dorsum of tongue	male	faab18e1a137731cffda882560289870	SRR059834,SRR059835
SRS013836	gingiva	male	faab18e1a137731cffda88256028b244	SRR059340,SRR059341
SRS013879	dorsum of tongue	male	faab18e1a137731cffda88256028cac9	SRR062502,SRR062507
SRS013927	dorsum of tongue	male	faab18e1a137731cffda88256028e9cf	SRR1804164,SRR1804782
SRS013938	gingiva	male	faab18e1a137731cffda88256028ecb4	SRR1804320,SRR1804551
SRS013946	gingiva	male	faab18e1a137731cffda882560290861	SRR062352,SRR062361
SRS013949	gingiva	male	faab18e1a137731cffda882560292460	SRR061311,SRR061319
SRS013950	gingiva	male	faab18e1a137731cffda882560292b6f	SRR062299,SRR062303,SRR062339,SRR062343
SRS014107	gingiva	male	faab18e1a137731cffda8825602955a9	SRR062421,SRR062424,SRR346694
SRS014124	dorsum of tongue	female	faab18e1a137731cffda882560296368	SRR061448,SRR061449
SRS014271	dorsum of tongue	male	faab18e1a137731cffda88256029fb97	SRR062419,SRR062433
SRS014402	gingiva	female	faab18e1a137731cffda8825602b1a5c	SRR1804111
SRS014404	dorsum of tongue	female	faab18e1a137731cffda8825602b2198	SRR1804829
SRS014470	dorsum of tongue	female	faab18e1a137731cffda8825602bda34	SRR062306,SRR062308
SRS014473	gingiva	female	faab18e1a137731cffda8825602bf201	SRR062379,SRR062432
SRS014476	gingiva	female	faab18e1a137731cffda8825602c1449	SRR061436,SRR061452
SRS014477	gingiva	female	faab18e1a137731cffda8825602c19a4	SRR062351,SRR062403
SRS014524	gingiva	female	faab18e1a137731cffda8825602c3ea1	SRR1804823
SRS014528	dorsum of tongue	female	faab18e1a137731cffda8825602c469f	SRR1804052,SRR1804495
SRS014573	dorsum of tongue	female	faab18e1a137731cffda8825602cca00	SRR062349,SRR062360
SRS014578	gingiva	female	faab18e1a137731cffda8825602cd6d0	SRR061282,SRR061320,SRR346671
SRS014684	dorsum of tongue	male	faab18e1a137731cffda8825602dd954	SRR061244,SRR061258
SRS014687	gingiva	male	faab18e1a137731cffda8825602ded94	SRR062500,SRR062509
SRS014690	gingiva	male	faab18e1a137731cffda8825602df921	SRR062354,SRR062409
SRS014691	gingiva	male	faab18e1a137731cffda8825602e05cb	SRR062501,SRR062511
SRS014728	dorsum of tongue	female	faab18e1a137731cffda8825602e10c5	SRR1804165,SRR1804836
SRS014888	dorsum of tongue	male	faab18e1a137731cffda8825602fa3dc	SRR063496,SRR063497
SRS014894	gingiva	male	faab18e1a137731cffda8825602fb0ea	SRR061333,SRR061335,SRR346684
SRS014935	dorsum of tongue	male	faab18e1a137731cffda88256030110d	SRR1804066,SRR1805001
SRS014941	gingiva	male	faab18e1a137731cffda882560301167	SRR1804339
SRS015116	dorsum of tongue	female	faab18e1a137731cffda882560310077	SRR1804367
SRS015128	gingiva	female	faab18e1a137731cffda8825603105f5	SRR1804284,SRR1804380
SRS015158	gingiva	female	faab18e1a137731cffda88256031efc8	SRR061232,SRR062529
SRS015174	dorsum of tongue	female	faab18e1a137731cffda882560320ab2	SRR061245,SRR061259,SRR061473
SRS015209	dorsum of tongue	female	faab18e1a137731cffda882560326995	SRR061548,SRR061550
SRS015215	gingiva	female	faab18e1a137731cffda882560326f4d	SRR063522,SRR063530
SRS015296	dorsum of tongue	male	faab18e1a137731cffda882560331185	SRR1804321,SRR1804842
SRS015278	gingiva	male	faab18e1a137731cffda882560332117	SRR061528,SRR061529,SRR346660
SRS015378	gingiva	female	faab18e1a137731cffda8825603414d3	SRR061380,SRR061403
SRS015395	dorsum of tongue	female	faab18e1a137731cffda882560341cc2	SRR061225,SRR061252
SRS015434	dorsum of tongue	male	faab18e1a137731cffda88256034749d	SRR061224,SRR061228
SRS015440	gingiva	male	faab18e1a137731cffda882560348758	SRR061325,SRR061354,SRR346662
SRS015484	dorsum of tongue	female	faab18e1a137731cffda88256034e53c	SRR1804106,SRR1805052
SRS015537	dorsum of tongue	male	faab18e1a137731cffda882560355e9a	SRR061441,SRR061451
SRS015574	gingiva	male	faab18e1a137731cffda882560358c55	SRR062519,SRR062528
SRS015590	dorsum of tongue	female	faab18e1a137731cffda88256035aa1a	SRR1804108,SRR1804244
SRS015596	gingiva	female	faab18e1a137731cffda88256035b7e4	SRR1804664
SRS015644	dorsum of tongue	male	faab18e1a137731cffda882560361eaf	SRR062309,SRR062313
SRS015650	gingiva	male	faab18e1a137731cffda88256036325a	SRR063512,SRR063529
SRS015686	dorsum of tongue	female	faab18e1a137731cffda8825603698fd	SRR1804454,SRR1804641
SRS015692	gingiva	female	faab18e1a137731cffda88256036ac1f	SRR1803992,SRR1804630
SRS015755	gingiva	male	faab18e1a137731cffda88256036ffe4	SRR061521,SRR061522,SRR353627
SRS015762	dorsum of tongue	male	faab18e1a137731cffda88256037066e	SRR061241,SRR061243
SRS015893	dorsum of tongue	male	faab18e1a137731cffda882560383fea	SRR061322,SRR061339,SRR353620
SRS015899	gingiva	male	faab18e1a137731cffda882560384a09	SRR061358,SRR061363
SRS015941	dorsum of tongue	male	faab18e1a137731cffda88256038afec	SRR061509,SRR061514
SRS015947	gingiva	male	faab18e1a137731cffda88256038b3e8	SRR061511,SRR061517
SRS015989	gingiva	male	faab18e1a137731cffda8825603922da	SRR061542,SRR061546
SRS016002	dorsum of tongue	male	faab18e1a137731cffda882560393f6f	SRR061202,SRR061211
SRS016037	dorsum of tongue	male	faab18e1a137731cffda882560399e83	SRR061515,SRR061516
SRS016043	gingiva	male	faab18e1a137731cffda88256039b804	SRR061518,SRR061519
SRS016086	dorsum of tongue	female	faab18e1a137731cffda8825603a035d	SRR061540,SRR061545,SRR353616
SRS016092	gingiva	female	faab18e1a137731cffda8825603a091b	SRR061362,SRR061366
SRS016133	dorsum of tongue	female	faab18e1a137731cffda8825603a81fd	SRR1804379,SRR1804544
SRS016139	gingiva	female	faab18e1a137731cffda8825603a8847	SRR1804437,SRR1804446
SRS016200	gingiva	female	faab18e1a137731cffda8825603b062e	SRR063506,SRR063507
SRS016225	dorsum of tongue	female	faab18e1a137731cffda8825603b4aa1	SRR061233,SRR061242
SRS016319	dorsum of tongue	male	faab18e1a137731cffda8825603c4981	SRR061177,SRR061178
SRS016331	gingiva	male	faab18e1a137731cffda8825603c6a2e	SRR061171,SRR061176
SRS016342	dorsum of tongue	male	faab18e1a137731cffda8825603c8794	SRR059838,SRR059839
SRS016360	gingiva	male	faab18e1a137731cffda8825603ca770	SRR060380,SRR060381
SRS016393	gingiva	male	faab18e1a137731cffda8825603ce0ca	SRR1564247,SRR1565753,SRR1565890,SRR1568835,SRR1568854,SRR1568999,SRR1569011,SRR1569405,SRR1569933,SRR1571210,SRR1571608,SRR1571610
SRS016456	dorsum of tongue	male	faab18e1a137731cffda8825603d7130	SRR1564175,SRR1564888,SRR1568853,SRR1568874,SRR1568989,SRR1569971,SRR1570023,SRR1571050,SRR1571214,SRR1571627,SRR1571641,SRR1708176
SRS016474	gingiva	male	faab18e1a137731cffda8825603d9c56	SRR1564202,SRR1565332,SRR1568856,SRR1568962,SRR1569266,SRR1569308,SRR1569376,SRR1569423,SRR1569925,SRR1569964,SRR1569993,SRR1571669
SRS016529	dorsum of tongue	female	faab18e1a137731cffda8825603e045b	SRR062003,SRR062004
SRS1041125	gingiva	female	faab18e1a137731cffda8825603e27b4	SRR2175759
SRS016569	dorsum of tongue	female	faab18e1a137731cffda8825603e558d	SRR059476,SRR059477
SRS016575	gingiva	female	faab18e1a137731cffda8825603e620a	SRR059478,SRR059479
SRS016647	dorsum of tongue	female	faab18e1a137731cffda8825603eda88	SRR1564324,SRR1564354,SRR1564382,SRR1565826,SRR1569918,SRR1570121,SRR1571063,SRR1571069,SRR1571074,SRR1571100,SRR1571607,SRR1571670
SRS016665	gingiva	female	faab18e1a137731cffda8825603f0e8c	SRR1564236,SRR1565843,SRR1565853,SRR1565907,SRR1565912,SRR1568893,SRR1568930,SRR1568955,SRR1569005,SRR1569972,SRR1570024,SRR1571066
SRS016740	dorsum of tongue	male	faab18e1a137731cffda8825603fa8ce	SRR059922,SRR059923
SRS016746	gingiva	male	faab18e1a137731cffda8825603fc2e5	SRR059926,SRR059927
SRS016815	dorsum of tongue	female	faab18e1a137731cffda882560408cf8	SRR532160,SRR532177,SRR532182,SRR532188,SRR532375,SRR533141,SRR533144,SRR533150,SRR533830,SRR533843,SRR533846,SRR533941,SRR533947,SRR537700,SRR537737,SRR538161,SRR538196,SRR538242,SRR539723,SRR539732,SRR539739,SRR539749,SRR539750,SRR539753,SRR540372,SRR540378,SRR540388,SRR540406,SRR540407,SRR541079,SRR541094,SRR545422,SRR545423,SRR545440,SRR549562,SRR549569,SRR549576,SRR549580
SRS016858	dorsum of tongue	male	faab18e1a137731cffda8825604129f1	SRR1564167,SRR1564184,SRR1564197,SRR1568880,SRR1568887,SRR1568888,SRR1568904,SRR1568905,SRR1569302,SRR1569307,SRR1571167,SRR1571175
SRS016876	gingiva	male	faab18e1a137731cffda8825604160e9	SRR1564201,SRR1565841,SRR1565906,SRR1565913,SRR1565920,SRR1568996,SRR1569223,SRR1569397,SRR1569401,SRR1569417,SRR1571089,SRR1571111
SRS016969	dorsum of tongue	female	faab18e1a137731cffda882560421674	SRR532115,SRR532120,SRR532137,SRR532141,SRR532275,SRR532281,SRR532284,SRR532287,SRR532722,SRR532745,SRR532916,SRR532922,SRR532925,SRR532929,SRR532944,SRR533546,SRR533553,SRR537750,SRR538167,SRR538175,SRR538202,SRR538235,SRR539427,SRR539428,SRR539433,SRR539435,SRR539440,SRR539448,SRR539890,SRR539899,SRR539904,SRR540595,SRR540596,SRR540603,SRR540613,SRR540614,SRR540617,SRR540629
SRS017007	dorsum of tongue	male	faab18e1a137731cffda882560429cb4	SRR059374,SRR059375,SRR062080,SRR062081
SRS017025	gingiva	male	faab18e1a137731cffda88256042d4c1	SRR059328,SRR059329
SRS017076	dorsum of tongue	male	faab18e1a137731cffda882560431155	SRR060430,SRR060431,SRR062095
SRS017088	gingiva	male	faab18e1a137731cffda882560434750	SRR062033,SRR062034
SRS017120	dorsum of tongue	male	faab18e1a137731cffda8825604383a9	SRR059882,SRR059883
SRS017139	gingiva	male	faab18e1a137731cffda88256043b1b3	SRR059902,SRR059903
SRS017209	dorsum of tongue	male	faab18e1a137731cffda882560448dd4	SRR059322,SRR059323,SRR062047,SRR062048
SRS017227	gingiva	male	faab18e1a137731cffda88256044b92c	SRR059860,SRR059861
SRS017279	dorsum of tongue	male	faab18e1a137731cffda88256044fd6a	SRR1564195,SRR1565745,SRR1565748,SRR1568841,SRR1568937,SRR1569006,SRR1569219,SRR1569237,SRR1569316,SRR1569409,SRR1569988,SRR1571587
SRS017304	gingiva	male	faab18e1a137731cffda882560454652	SRR061935,SRR061936
SRS017324	dorsum of tongue	male	faab18e1a137731cffda8825604554d4	SRR1564308,SRR1564397,SRR1565845,SRR1565852,SRR1565855,SRR1568788,SRR1569319,SRR1569398,SRR1569910,SRR1569984,SRR1571165,SRR1571589
SRS017330	gingiva	male	faab18e1a137731cffda882560456994	SRR1564198,SRR1564243,SRR1564245,SRR1568902,SRR1568909,SRR1568950,SRR1568956,SRR1569262,SRR1569396,SRR1569914,SRR1571077,SRR1571169
SRS017381	dorsum of tongue	male	faab18e1a137731cffda88256045d98c	SRR1564212,SRR1564216,SRR1564379,SRR1568940,SRR1568948,SRR1570026,SRR1571062,SRR1571075,SRR1571196,SRR1571207,SRR1571212,SRR1571694
SRS017387	gingiva	male	faab18e1a137731cffda88256045e4c9	SRR531380,SRR532303,SRR532307,SRR532329,SRR532330,SRR532435,SRR532441,SRR532836,SRR532843,SRR532858,SRR532868,SRR539531,SRR539539,SRR539547,SRR540478,SRR541137,SRR545237,SRR545239,SRR545240,SRR545244,SRR545249,SRR545251,SRR545254,SRR549761,SRR549770,SRR646425,SRR646432,SRR646435,SRR646436,SRR646452
SRS017439	dorsum of tongue	female	faab18e1a137731cffda88256046514a	SRR059380,SRR059381
SRS017445	gingiva	female	faab18e1a137731cffda882560466b7b	SRR059844,SRR059845,SRR062082,SRR062083
SRS017511	gingiva	female	faab18e1a137731cffda8825604702bd	SRR059846,SRR059847
SRS017533	dorsum of tongue	female	faab18e1a137731cffda882560472938	SRR061983,SRR061984,SRR062064,SRR062065
SRS017634	gingiva	male	faab18e1a137731cffda88256047b3ea	SRR1564323,SRR1564336,SRR1565842,SRR1565844,SRR1565847,SRR1565894,SRR1565917,SRR1565918,SRR1565922,SRR1565923,SRR1569312,SRR1571679
SRS017691	gingiva	female	faab18e1a137731cffda88256048263c	SRR059492,SRR059493
SRS017713	dorsum of tongue	female	faab18e1a137731cffda8825604851df	SRR061937,SRR061938
SRS017751	dorsum of tongue	male	faab18e1a137731cffda88256048b1bd	SRR1564374,SRR1565343,SRR1565736,SRR1565760,SRR1568986,SRR1569236,SRR1569276,SRR1569414,SRR1571039,SRR1571198,SRR1571585,SRR1571648
SRS017757	gingiva	male	faab18e1a137731cffda88256048c73a	SRR532062,SRR532069,SRR532070,SRR532071,SRR532084,SRR532659,SRR532660,SRR532666,SRR532670,SRR532677,SRR532678,SRR532680,SRR532687,SRR533119,SRR533130,SRR537675,SRR537790,SRR537854,SRR538091,SRR538139,SRR539854,SRR539863,SRR540651,SRR540652,SRR540665,SRR541221,SRR541236,SRR541244,SRR545597,SRR545602,SRR545606,SRR545610,SRR545627,SRR545630,SRR549711,SRR549712,SRR549723,SRR549745
SRS017808	dorsum of tongue	male	faab18e1a137731cffda882560491a7c	SRR059402,SRR059403
SRS017814	gingiva	male	faab18e1a137731cffda882560492856	SRR060372,SRR060373
SRS018055	dorsum of tongue	male	faab18e1a137731cffda8825604b3de5	SRR1564172,SRR1564249,SRR1564326,SRR1564349,SRR1565832,SRR1569229,SRR1569299,SRR1569427,SRR1570053,SRR1571072,SRR1571110,SRR1571666
SRS018061	gingiva	male	faab18e1a137731cffda8825604b4b34	SRR1564165,SRR1564276,SRR1568838,SRR1568890,SRR1568932,SRR1568934,SRR1568968,SRR1569315,SRR1571073,SRR1571109,SRR1571168,SRR1571688
SRS018145	dorsum of tongue	male	faab18e1a137731cffda8825604ba1e3	SRR060376,SRR060377
SRS018157	gingiva	male	faab18e1a137731cffda8825604be8ad	SRR061971,SRR061972
SRS018300	dorsum of tongue	male	faab18e1a137731cffda8825604d0bfd	SRR059466,SRR059467
SRS018337	gingiva	male	faab18e1a137731cffda8825604d56e3	SRR061979,SRR061980
SRS018357	dorsum of tongue	male	faab18e1a137731cffda8825604d82a4	SRR059396,SRR059397
SRS018394	gingiva	male	faab18e1a137731cffda8825604dccbb	SRR062001,SRR062002
SRS018439	dorsum of tongue	male	faab18e1a137731cffda8825604df1b8	SRR059906,SRR059907
SRS018501	dorsum of tongue	female	faab18e1a137731cffda8825604e40ed	SRR642018,SRR642020
SRS018479	gingiva	female	faab18e1a137731cffda8825604e48e5	SRR532395,SRR532404,SRR532415,SRR532418,SRR532423,SRR532755,SRR533248,SRR533259,SRR533298,SRR533306,SRR533308,SRR533311,SRR533899,SRR533905,SRR537752,SRR537810,SRR537844,SRR538168,SRR539301,SRR539302,SRR539311,SRR539314,SRR539332,SRR539336,SRR540939,SRR540951,SRR540962,SRR540963,SRR549449,SRR549466,SRR549470,SRR549479,SRR549483,SRR549532,SRR549536,SRR549544,SRR549548,SRR549550
SRS018602	gingiva	male	faab18e1a137731cffda8825604f1f27	SRR1804661
SRS018591	dorsum of tongue	male	faab18e1a137731cffda8825604f6993	SRR062540,SRR062541
SRS018610	dorsum of tongue	male	faab18e1a137731cffda8825604f8eb4	SRR1804646
SRS018616	gingiva	male	faab18e1a137731cffda8825604fa8ba	SRR1803366,SRR1804316
SRS018665	gingiva	female	faab18e1a137731cffda882560501caa	SRR061562,SRR061566
SRS018679	dorsum of tongue	female	faab18e1a137731cffda882560503676	SRR1803364,SRR1804897
SRS018691	gingiva	female	faab18e1a137731cffda8825605057c8	SRR1803347,SRR1804859
SRS018739	dorsum of tongue	female	faab18e1a137731cffda88256050cce0	SRR061249,SRR061250
SRS018778	gingiva	male	faab18e1a137731cffda882560512bd7	SRR061541,SRR061544,SRR346693
SRS018791	dorsum of tongue	male	faab18e1a137731cffda88256051452f	SRR061141,SRR061146
SRS018820	dorsum of tongue	female	faab18e1a137731cffda882560519550	SRR1803346,SRR1804584
SRS018826	gingiva	female	faab18e1a137731cffda88256051b4b4	SRR1803348,SRR1804428
SRS018875	dorsum of tongue	male	faab18e1a137731cffda882560520e40	SRR1803874,SRR1804325
SRS018923	dorsum of tongue	male	faab18e1a137731cffda8825605289e9	SRR1803880,SRR1804885
SRS018929	gingiva	male	faab18e1a137731cffda882560529375	SRR1804287
SRS019170	dorsum of tongue	male	faab18e1a137731cffda882560549010	SRR1804061
SRS019176	gingiva	male	faab18e1a137731cffda882560549d7f	SRR1804610
SRS019219	dorsum of tongue	female	faab18e1a137731cffda88256054cfca	SRR061446,SRR061458
SRS019225	gingiva	female	faab18e1a137731cffda88256054dda1	SRR061520,SRR061524
SRS019270	dorsum of tongue	female	faab18e1a137731cffda8825605559ce	SRR1804967
SRS019276	gingiva	female	faab18e1a137731cffda88256055690c	SRR1804582
SRS019327	dorsum of tongue	female	faab18e1a137731cffda88256055c5d8	SRR062281,SRR062305
SRS019333	gingiva	female	faab18e1a137731cffda88256055d495	SRR063536,SRR063537
SRS019387	gingiva	male	faab18e1a137731cffda882560564c5d	SRR063510,SRR063511
SRS019389	dorsum of tongue	male	faab18e1a137731cffda8825605658d5	SRR062377,SRR062378,SRR346667,SRR346699
SRS019437	dorsum of tongue	male	faab18e1a137731cffda88256056a62d	SRR1804285
SRS019443	gingiva	male	faab18e1a137731cffda88256056bf3f	SRR1804249
SRS019488	dorsum of tongue	female	faab18e1a137731cffda88256056e5ce	SRR1804555,SRR1804851
SRS019494	gingiva	female	faab18e1a137731cffda88256056f183	SRR1804140,SRR1804548
SRS019591	gingiva	female	faab18e1a137731cffda88256057bfa8	SRR062450,SRR062452
SRS019607	dorsum of tongue	female	faab18e1a137731cffda88256057e300	SRR061213,SRR061214
SRS019696	dorsum of tongue	female	faab18e1a137731cffda8825605861d3	SRR1804292
SRS019792	dorsum of tongue	female	faab18e1a137731cffda8825605911e8	SRR1804207,SRR1804374
SRS019798	gingiva	female	faab18e1a137731cffda882560593015	SRR1804151
SRS058808	gingiva	male	faab18e1a137731cffda88256059fb56	SRR062279,SRR062315
SRS049389	dorsum of tongue	male	faab18e1a137731cffda8825605a2ae6	SRR061210,SRR061221
SRS043755	gingiva	male	faab18e1a137731cffda8825605bdddf	SRR061576,SRR061577
SRS042643	dorsum of tongue	male	faab18e1a137731cffda8825605bff72	SRR061279,SRR061292
SRS043454	gingiva	female	faab18e1a137731cffda8825605c3e37	SRR1804803
SRS053854	dorsum of tongue	female	faab18e1a137731cffda8825605ca260	SRR061487,SRR061493
SRS053630	gingiva	female	faab18e1a137731cffda8825605cb413	SRR061346,SRR061355,SRR346704
SRS056323	dorsum of tongue	female	faab18e1a137731cffda8825605d5cf6	SRR063534,SRR063535
SRS054653	gingiva	female	faab18e1a137731cffda8825605d64d2	SRR062488,SRR062493,SRR353632
SRS057539	dorsum of tongue	male	faab18e1a137731cffda8825605d78ab	SRR061573,SRR061589
SRS051244	gingiva	male	faab18e1a137731cffda8825605d7dcc	SRR061419,SRR061422
SRS042589	dorsum of tongue	male	faab18e1a137731cffda8825605df168	SRR1804051,SRR1804902
SRS052095	gingiva	male	faab18e1a137731cffda8825605e034f	SRR1804074
SRS019974	dorsum of tongue	female	faab18e1a137731cffda8825605ef1e0	SRR059480,SRR059481
SRS019980	gingiva	female	faab18e1a137731cffda8825605f0183	SRR059484,SRR059485
SRS020220	dorsum of tongue	male	faab18e1a137731cffda882560606ce5	SRR059470,SRR059471
SRS020226	gingiva	male	faab18e1a137731cffda8825606084ef	SRR059490,SRR059491
SRS020277	dorsum of tongue	male	faab18e1a137731cffda882560610258	SRR1564314,SRR1564330,SRR1564331,SRR1564346,SRR1565829,SRR1569273,SRR1569284,SRR1569936,SRR1570103,SRR1571117,SRR1571653,SRR1571693
SRS020283	gingiva	male	faab18e1a137731cffda8825606106e1	SRR1564193,SRR1564208,SRR1564211,SRR1564223,SRR1568881,SRR1568897,SRR1569394,SRR1570097,SRR1571087,SRR1571136,SRR1571187,SRR1571583
SRS020334	dorsum of tongue	female	faab18e1a137731cffda882560618c0b	SRR059442,SRR059443
SRS020340	gingiva	female	faab18e1a137731cffda8825606198d2	SRR059446,SRR059447
SRS020400	dorsum of tongue	male	faab18e1a137731cffda882560620386	SRR1564272,SRR1564372,SRR1564886,SRR1568896,SRR1569393,SRR1569951,SRR1571091,SRR1571093,SRR1571588,SRR1571623,SRR1571633,SRR1571696
SRS020406	gingiva	male	faab18e1a137731cffda88256062180b	SRR1564242,SRR1564266,SRR1564339,SRR1568832,SRR1568837,SRR1568965,SRR1569238,SRR1569317,SRR1569922,SRR1570136,SRR1571130,SRR1571592
SRS020540	dorsum of tongue	male	faab18e1a137731cffda88256062ce26	SRR1564261,SRR1565742,SRR1565749,SRR1565750,SRR1565754,SRR1569224,SRR1569313,SRR1569323,SRR1569380,SRR1569962,SRR1570137,SRR1571182
SRS020571	dorsum of tongue	male	faab18e1a137731cffda88256063437f	SRR527885,SRR527971,SRR528027,SRR528052,SRR528149,SRR528177,SRR528232,SRR528305,SRR528360,SRR528387,SRR528441,SRR528483,SRR528514
SRS020628	dorsum of tongue	male	faab18e1a137731cffda88256063ce91	SRR532334,SRR532340,SRR532344,SRR532346,SRR532352,SRR532530,SRR532536,SRR532538,SRR532542,SRR532547,SRR532548,SRR532554,SRR532555,SRR533293,SRR533294,SRR533321,SRR533322,SRR533328,SRR533735,SRR533754,SRR533763,SRR537768,SRR537833,SRR538085,SRR538098,SRR538129,SRR538159,SRR539593,SRR540686,SRR540699,SRR545269,SRR545270,SRR545271,SRR545285,SRR549416,SRR549419,SRR549420,SRR549623
SRS020856	dorsum of tongue	male	faab18e1a137731cffda882560657db2	SRR059500,SRR059501
SRS020862	gingiva	male	faab18e1a137731cffda88256065945c	SRR059842,SRR059843
SRS022143	dorsum of tongue	female	faab18e1a137731cffda8825606fbfa5	SRR059954,SRR059955
SRS022149	gingiva	female	faab18e1a137731cffda8825606fda9d	SRR059956,SRR059957
SRS022281	gingiva	female	faab18e1a137731cffda88256070cbd7	SRR532336,SRR532337,SRR532338,SRR532342,SRR532353,SRR532534,SRR532544,SRR533336,SRR533339,SRR533349,SRR533350,SRR533738,SRR533748,SRR533758,SRR533759,SRR533761,SRR533762,SRR537683,SRR537717,SRR537786,SRR538221,SRR538241,SRR539577,SRR539578,SRR539580,SRR539588,SRR539600,SRR539602,SRR539603,SRR540681,SRR540700,SRR549422,SRR549447,SRR549602,SRR549609,SRR549620,SRR549624,SRR549636
SRS022530	dorsum of tongue	female	faab18e1a137731cffda882560734229	SRR060020
SRS022536	gingiva	female	faab18e1a137731cffda882560735c1f	SRR060033
SRS022719	dorsum of tongue	female	faab18e1a137731cffda88256074e216	SRR060036
SRS022725	gingiva	female	faab18e1a137731cffda88256074ece3	SRR063746,SRR063790
SRS022883	gingiva	female	faab18e1a137731cffda8825607608fa	SRR532196,SRR532199,SRR532207,SRR532213,SRR532216,SRR532219,SRR532221,SRR532222,SRR532229,SRR532240,SRR532254,SRR532559,SRR532570,SRR537696,SRR537742,SRR538171,SRR538220,SRR538239,SRR539794,SRR539797,SRR539806,SRR539811,SRR540376,SRR540379,SRR540387,SRR540396,SRR541332,SRR541333,SRR541339,SRR541348,SRR541356,SRR541367,SRR545458,SRR545471,SRR545479,SRR549560,SRR549573,SRR549590
SRS023352	dorsum of tongue	female	faab18e1a137731cffda88256079ff30	SRR060007
SRS023358	gingiva	female	faab18e1a137731cffda8825607a185f	SRR060004
SRS055426	dorsum of tongue	male	faab18e1a137731cffda88256087d467	SRR063675,SRR063692
SRS058053	gingiva	male	faab18e1a137731cffda88256087e0c0	SRR063708
SRS058693	dorsum of tongue	female	faab18e1a137731cffda88256089176c	SRR527944,SRR527986,SRR528015,SRR528063,SRR528095,SRR528139,SRR528193,SRR528249,SRR528316,SRR528345,SRR528430,SRR528468,SRR528523
SRS045602	dorsum of tongue	female	faab18e1a137731cffda8825608bfdd7	SRR1804282,SRR1804771
SRS047126	gingiva	female	faab18e1a137731cffda8825608c3471	SRR1804760,SRR1804761
SRS056113	gingiva	male	faab18e1a137731cffda8825608db30a	SRR1804469
SRS043461	dorsum of tongue	male	faab18e1a137731cffda8825608f74c2	SRR1804157,SRR1804816
SRS056327	dorsum of tongue	female	faab18e1a137731cffda88256090ab1e	SRR1804308,SRR1804797
SRS051228	gingiva	female	faab18e1a137731cffda88256090b5f7	SRR1804890
SRS057244	dorsum of tongue	male	faab18e1a137731cffda882560920e9f	SRR1804535
SRS042307	gingiva	male	faab18e1a137731cffda882560921d17	SRR1803859,SRR1805094
SRS049211	dorsum of tongue	female	faab18e1a137731cffda8825609341dd	SRR1803292,SRR1804480
SRS056090	gingiva	female	faab18e1a137731cffda882560934ed3	SRR1804493
SRS046595	dorsum of tongue	male	faab18e1a137731cffda8825609673ad	SRR1803341,SRR1805089
SRS047824	dorsum of tongue	female	faab18e1a137731cffda88256097f576	SRR061490,SRR061492
SRS052876	gingiva	female	faab18e1a137731cffda88256097fd3e	SRR062295,SRR062496
SRS054687	dorsum of tongue	female	faab18e1a137731cffda88256098755f	SRR061587,SRR061588
SRS051941	gingiva	female	faab18e1a137731cffda8825609885a1	SRR061571,SRR061582
SRS057791	dorsum of tongue	male	faab18e1a137731cffda88256098c656	SRR061399,SRR061417
SRS054196	gingiva	male	faab18e1a137731cffda88256099042f	SRR1804070,SRR1804849
SRS050244	dorsum of tongue	female	faab18e1a137731cffda882560990eb8	SRR061575,SRR061584
SRS055401	gingiva	female	faab18e1a137731cffda882560992424	SRR061579,SRR061597
SRS048744	dorsum of tongue	female	faab18e1a137731cffda882560994fea	SRR1804620
SRS044366	gingiva	female	faab18e1a137731cffda8825609956cb	SRR063527,SRR063528
SRS050709	dorsum of tongue	male	faab18e1a137731cffda88256099a5cf	SRR1803894,SRR1804640
SRS045588	gingiva	male	faab18e1a137731cffda88256099b053	SRR1804057
SRS052227	dorsum of tongue	female	faab18e1a137731cffda8825609a3398	SRR063508,SRR063509
SRS052604	gingiva	female	faab18e1a137731cffda8825609a3a02	SRR061580,SRR061599
SRS052570	dorsum of tongue	female	faab18e1a137731cffda8825609a6cf4	SRR1804215,SRR1805045
SRS056951	gingiva	female	faab18e1a137731cffda8825609ad87d	SRR1804809
SRS053895	gingiva	male	faab18e1a137731cffda8825609c3907	SRR1804718
SRS043494	dorsum of tongue	female	faab18e1a137731cffda8825609c8674	SRR1804456,SRR1804722
SRS043942	dorsum of tongue	male	faab18e1a137731cffda8825609df6f5	SRR1803876,SRR1804004
SRS057619	gingiva	male	faab18e1a137731cffda8825609e9d49	SRR1804199,SRR1804978
SRS043663	dorsum of tongue	male	faab18e1a137731cffda8825609f3f67	SRR066419
SRS045313	gingiva	male	faab18e1a137731cffda8825609f50c6	SRR063747,SRR063789
SRS063485	gingiva	female	faab18e1a137731cffda882560b9d103	SRR532194,SRR532195,SRR532200,SRR532204,SRR532208,SRR532215,SRR532223,SRR532242,SRR532249,SRR532250,SRR532255,SRR532256,SRR532564,SRR532960,SRR532964,SRR532971,SRR533852,SRR533861,SRR533934,SRR537731,SRR537795,SRR538074,SRR538211,SRR538229,SRR539813,SRR539982,SRR539992,SRR539999,SRR540427,SRR540431,SRR540432,SRR541334,SRR541345,SRR541354,SRR541362,SRR541364,SRR545456,SRR545469
SRS062714	dorsum of tongue	female	faab18e1a137731cffda882560c0d057	SRR1804562,SRR1804882
SRS075765	dorsum of tongue	male	faab18e1a137731cffda882560c3fab9	SRR1031091,SRR1031404,SRR1031432,SRR1031433,SRR1031580,SRR1031635,SRR1031841,SRR1031943
SRS075771	gingiva	male	faab18e1a137731cffda882560c4095b	SRR1031059,SRR1031293,SRR1031321,SRR1031408,SRR1031630,SRR1031665,SRR1031685,SRR1031890
SRS075870	dorsum of tongue	female	faab18e1a137731cffda882560c53dac	SRR1031080,SRR1031275,SRR1031639,SRR1031671,SRR1031795,SRR1031796,SRR1031806,SRR1031865
SRS075876	gingiva	female	faab18e1a137731cffda882560c54dae	SRR1031067,SRR1031090,SRR1031206,SRR1031398,SRR1031417,SRR1031616,SRR1031754,SRR1031904
SRS075987	dorsum of tongue	female	faab18e1a137731cffda882560c64e78	SRR1031201,SRR1031216,SRR1031332,SRR1031379,SRR1031406,SRR1031646,SRR1031762,SRR1031951
SRS075993	gingiva	female	faab18e1a137731cffda882560c654ac	SRR1031072,SRR1031167,SRR1031399,SRR1031692,SRR1031729,SRR1031748,SRR1031829,SRR1031906
SRS063823	gingiva	female	faab18e1a137731cffda882560cb6477	SRR1804274,SRR1804569
SRS064466	gingiva	female	faab18e1a137731cffda882560cb76b5	SRR1804753
SRS063373	dorsum of tongue	male	faab18e1a137731cffda882560cc61a8	SRR1804457,SRR1804491
SRS064937	gingiva	male	faab18e1a137731cffda882560cc6919	SRR1804081
SRS064197	gingiva	male	faab18e1a137731cffda882560cd6c1c	SRR1804773,SRR1804812
SRS062418	gingiva	male	faab18e1a137731cffda882560cd748b	SRR1804424
SRS065299	dorsum of tongue	female	faab18e1a137731cffda882560cf056d	SRR1804077
SRS076764	dorsum of tongue	male	faab18e1a137731cffda882560d03f10	SRR1031272,SRR1031520,SRR1031632,SRR1031644,SRR1031679,SRR1031730,SRR1031777,SRR1031825
SRS076770	gingiva	male	faab18e1a137731cffda882560d04eae	SRR1031092,SRR1031118,SRR1031326,SRR1031664,SRR1031738,SRR1031797,SRR1031812,SRR1031843
SRS076868	dorsum of tongue	male	faab18e1a137731cffda882560d12186	SRR1031383,SRR1031483,SRR1031516,SRR1031653,SRR1031822,SRR1031879,SRR1031927,SRR1031930
SRS076874	gingiva	male	faab18e1a137731cffda882560d12f3f	SRR1031098,SRR1031177,SRR1031183,SRR1031254,SRR1031270,SRR1031286,SRR1031761,SRR1031934
SRS077239	dorsum of tongue	male	faab18e1a137731cffda882560d49e4a	SRR1031081,SRR1031117,SRR1031250,SRR1031285,SRR1031657,SRR1031741,SRR1031791,SRR1031802
SRS077245	gingiva	male	faab18e1a137731cffda882560d4ac7a	SRR1031198,SRR1031213,SRR1031385,SRR1031480,SRR1031548,SRR1031732,SRR1031780,SRR1031876
SRS077384	dorsum of tongue	female	faab18e1a137731cffda882560d5d4ed	SRR1031084,SRR1031446,SRR1031501,SRR1031519,SRR1031528,SRR1031652,SRR1031735,SRR1031830
SRS077390	gingiva	female	faab18e1a137731cffda882560d5eae2	SRR1031110,SRR1031136,SRR1031163,SRR1031389,SRR1031715,SRR1031828,SRR1031847,SRR1031929
SRS077441	dorsum of tongue	male	faab18e1a137731cffda882560d68e99	SRR1031061,SRR1031266,SRR1031358,SRR1031533,SRR1031540,SRR1031834,SRR1031840,SRR1031886
SRS077447	gingiva	male	faab18e1a137731cffda882560d69d72	SRR1031095,SRR1031215,SRR1031221,SRR1031289,SRR1031547,SRR1031814,SRR1031816,SRR1031891
SRS077633	dorsum of tongue	female	faab18e1a137731cffda882560d87492	SRR1031057,SRR1031058,SRR1031230,SRR1031281,SRR1031337,SRR1031576,SRR1031882,SRR1031932
SRS077639	gingiva	female	faab18e1a137731cffda882560d8872e	SRR1031232,SRR1031479,SRR1031518,SRR1031758,SRR1031783,SRR1031801,SRR1031819,SRR1031870
SRS097912	dorsum of tongue	male	faab18e1a137731cffda882560d9a594	SRR1031300,SRR1031325,SRR1031526,SRR1031660,SRR1031766,SRR1031778,SRR1031859,SRR1031885
SRS097918	gingiva	male	faab18e1a137731cffda882560d9acb8	SRR1031107,SRR1031248,SRR1031292,SRR1031565,SRR1031637,SRR1031793,SRR1031908,SRR1031931
SRS097966	dorsum of tongue	male	faab18e1a137731cffda882560da3cdd	SRR1031132,SRR1031223,SRR1031236,SRR1031570,SRR1031713,SRR1031750,SRR1031887,SRR1031945
SRS097972	gingiva	male	faab18e1a137731cffda882560da4039	SRR1031100,SRR1031218,SRR1031303,SRR1031393,SRR1031445,SRR1031586,SRR1031625,SRR1031826
SRS098045	dorsum of tongue	female	faab18e1a137731cffda882560db074a	SRR1174992,SRR1179030,SRR1179045
SRS098057	gingiva	female	faab18e1a137731cffda882560db287e	SRR1174999,SRR1179035,SRR1179047
SRS1054712	dorsum of tongue	female	faab18e1a137731cffda882560dbee98	SRR2240288,SRR2240293
SRS893260	dorsum of tongue	male	faab18e1a137731cffda882560dc597f	SRR1952488
SRS893291	dorsum of tongue	male	faab18e1a137731cffda882560dd22ad	SRR1952523
SRS1054853	gingiva	male	faab18e1a137731cffda882560ddb144	SRR2240574
SRS1054881	dorsum of tongue	female	faab18e1a137731cffda882560de243a	SRR2240575,SRR2240725
SRS893283	gingiva	female	faab18e1a137731cffda882560de2ded	SRR1952516
SRS893280	gingiva	male	faab18e1a137731cffda882560deb0ed	SRR1952512
SRS893318	gingiva	female	faab18e1a137731cffda882560e193c1	SRR1952551
