SRS1055046	SRR2241026
SRS1055048	SRR2241108
SRS893363	SRR1952602
SRS893385	SRR1952623
SRS893272	SRR1952503
SRS1055055	SRR2241116
SRS1055055	SRR2241117
SRS893352	SRR1952591
SRS893355	SRR1952595
SRS1055059	SRR2241208
SRS893325	SRR1952564
SRS893353	SRR1952590
SRS893332	SRR1952569
SRS893338	SRR1952579
SRS149647	SRR514261
SRS149671	SRR514853
SRS149690	SRR1804054
SRS149690	SRR1804891
SRS149696	SRR1804653
SRS149720	SRR1803857
SRS149882	SRR1804449
SRS149961	SRR511921
SRS149961	SRR514311
SRS149973	SRR512795
SRS150032	SRR1804213
SRS150038	SRR1803294
SRS012279	SRR059414
SRS012279	SRR059415
SRS012285	SRR059450
SRS012285	SRR059451
SRS011086	SRR061957
SRS011086	SRR061958
SRS011098	SRR059326
SRS011098	SRR059327
SRS011098	SRR062051
SRS011098	SRR062052
SRS011115	SRR061987
SRS011115	SRR061988
SRS011115	SRR062068
SRS011115	SRR062069
SRS011126	SRR062013
SRS011126	SRR062014
SRS011126	SRR062055
SRS011126	SRR062056
SRS011140	SRR062053
SRS011140	SRR062054
SRS011152	SRR061911
SRS011152	SRR061912
SRS012916	SRR532400
SRS012916	SRR532408
SRS012916	SRR532412
SRS012916	SRR532417
SRS012916	SRR532754
SRS012916	SRR532761
SRS012916	SRR532762
SRS012916	SRR532769
SRS012916	SRR532771
SRS012916	SRR533242
SRS012916	SRR533257
SRS012916	SRR533265
SRS012916	SRR533269
SRS012916	SRR533374
SRS012916	SRR533376
SRS012916	SRR533406
SRS012916	SRR533407
SRS012916	SRR533906
SRS012916	SRR533910
SRS012916	SRR537757
SRS012916	SRR537841
SRS012916	SRR538073
SRS012916	SRR538123
SRS012916	SRR538144
SRS012916	SRR538194
SRS012916	SRR539306
SRS012916	SRR539308
SRS012916	SRR539324
SRS012916	SRR539331
SRS012916	SRR540928
SRS012916	SRR540948
SRS012916	SRR549452
SRS012916	SRR549487
SRS012916	SRR549528
SRS012916	SRR549533
SRS012916	SRR549541
SRS012916	SRR549543
SRS012916	SRR549549
SRS012922	SRR532005
SRS012922	SRR532007
SRS012922	SRR532029
SRS012922	SRR532037
SRS012922	SRR532514
SRS012922	SRR532522
SRS012922	SRR532968
SRS012922	SRR532972
SRS012922	SRR532979
SRS012922	SRR532985
SRS012922	SRR537896
SRS012922	SRR537936
SRS012922	SRR539475
SRS012922	SRR539494
SRS012922	SRR539511
SRS012922	SRR539512
SRS012922	SRR540817
SRS012922	SRR541300
SRS012922	SRR541308
SRS012922	SRR541331
SRS012922	SRR545526
SRS012922	SRR545531
SRS012922	SRR545550
SRS012922	SRR545555
SRS012922	SRR638834
SRS012922	SRR638853
SRS012922	SRR639521
SRS012922	SRR640342
SRS012922	SRR640363
SRS012922	SRR650091
SRS011243	SRR060416
SRS011243	SRR060417
SRS011255	SRR059918
SRS011255	SRR059919
SRS012983	SRR531989
SRS012983	SRR532490
SRS012983	SRR532493
SRS012983	SRR532500
SRS012983	SRR532523
SRS012983	SRR532969
SRS012983	SRR532983
SRS012983	SRR532987
SRS012983	SRR537910
SRS012983	SRR537954
SRS012983	SRR539801
SRS012983	SRR539809
SRS012983	SRR539812
SRS012983	SRR539824
SRS012983	SRR539991
SRS012983	SRR540012
SRS012983	SRR540409
SRS012983	SRR540424
SRS012983	SRR540444
SRS012983	SRR540447
SRS012983	SRR541337
SRS012983	SRR541353
SRS012983	SRR541359
SRS012983	SRR545454
SRS012983	SRR638749
SRS012983	SRR638867
SRS012983	SRR640368
SRS012983	SRR640392
SRS012983	SRR640544
SRS012983	SRR650069
SRS012989	SRR531966
SRS012989	SRR531978
SRS012989	SRR531980
SRS012989	SRR531983
SRS012989	SRR531988
SRS012989	SRR532002
SRS012989	SRR532509
SRS012989	SRR532517
SRS012989	SRR532521
SRS012989	SRR532958
SRS012989	SRR532965
SRS012989	SRR532977
SRS012989	SRR537915
SRS012989	SRR539814
SRS012989	SRR539819
SRS012989	SRR539821
SRS012989	SRR540006
SRS012989	SRR540411
SRS012989	SRR540426
SRS012989	SRR541303
SRS012989	SRR545464
SRS012989	SRR545476
SRS012989	SRR545534
SRS012989	SRR545554
SRS012989	SRR580892
SRS012989	SRR638805
SRS012989	SRR638850
SRS012989	SRR640313
SRS012989	SRR640442
SRS012989	SRR648657
SRS011306	SRR059928
SRS011306	SRR059929
SRS011343	SRR060420
SRS011343	SRR060421
SRS013164	SRR059848
SRS013164	SRR059849
SRS013170	SRR059866
SRS013170	SRR059867
SRS013234	SRR061939
SRS013234	SRR061940
SRS013252	SRR061967
SRS013252	SRR061968
SRS013502	SRR061953
SRS013502	SRR061954
SRS013533	SRR059814
SRS013533	SRR059815
SRS1041114	SRR2175746
SRS013651	SRR1564166
SRS013651	SRR1564203
SRS013651	SRR1564214
SRS013651	SRR1568947
SRS013651	SRR1568988
SRS013651	SRR1569290
SRS013651	SRR1571120
SRS013651	SRR1571173
SRS013651	SRR1571673
SRS013651	SRR1571682
SRS013651	SRR1571691
SRS013651	SRR1571695
SRS013663	SRR1564255
SRS013663	SRR1565893
SRS013663	SRR1568852
SRS013663	SRR1568870
SRS013663	SRR1569212
SRS013663	SRR1569295
SRS013663	SRR1569388
SRS013663	SRR1570020
SRS013663	SRR1570126
SRS013663	SRR1571606
SRS013663	SRR1571618
SRS013663	SRR1571684
SRS013705	SRR060360
SRS013705	SRR060361
SRS013723	SRR059888
SRS013723	SRR059889
SRS1041119	SRR2175751
SRS1041121	SRR2175753
SRS013818	SRR059834
SRS013818	SRR059835
SRS013836	SRR059340
SRS013836	SRR059341
SRS013879	SRR062502
SRS013879	SRR062507
SRS013927	SRR1804164
SRS013927	SRR1804782
SRS013938	SRR1804320
SRS013938	SRR1804551
SRS013946	SRR062352
SRS013946	SRR062361
SRS013949	SRR061311
SRS013949	SRR061319
SRS013950	SRR062299
SRS013950	SRR062303
SRS013950	SRR062339
SRS013950	SRR062343
SRS013976	SRR1803288
SRS014107	SRR062421
SRS014107	SRR062424
SRS014107	SRR346694
SRS014124	SRR061448
SRS014124	SRR061449
SRS014271	SRR062419
SRS014271	SRR062433
SRS014402	SRR1804111
SRS014404	SRR1804829
SRS014470	SRR062306
SRS014470	SRR062308
SRS014473	SRR062379
SRS014473	SRR062432
SRS014476	SRR061436
SRS014476	SRR061452
SRS014477	SRR062351
SRS014477	SRR062403
SRS014524	SRR1804823
SRS014528	SRR1804052
SRS014528	SRR1804495
SRS014573	SRR062349
SRS014573	SRR062360
SRS014578	SRR061282
SRS014578	SRR061320
SRS014578	SRR346671
SRS014684	SRR061244
SRS014684	SRR061258
SRS014687	SRR062500
SRS014687	SRR062509
SRS014690	SRR062354
SRS014690	SRR062409
SRS014691	SRR062501
SRS014691	SRR062511
SRS014728	SRR1804165
SRS014728	SRR1804836
SRS014888	SRR063496
SRS014888	SRR063497
SRS014894	SRR061333
SRS014894	SRR061335
SRS014894	SRR346684
SRS014935	SRR1804066
SRS014935	SRR1805001
SRS014941	SRR1804339
SRS015116	SRR1804367
SRS015128	SRR1804284
SRS015128	SRR1804380
SRS015158	SRR061232
SRS015158	SRR062529
SRS015174	SRR061245
SRS015174	SRR061259
SRS015174	SRR061473
SRS015209	SRR061548
SRS015209	SRR061550
SRS015215	SRR063522
SRS015215	SRR063530
SRS015296	SRR1804321
SRS015296	SRR1804842
SRS015278	SRR061528
SRS015278	SRR061529
SRS015278	SRR346660
SRS015378	SRR061380
SRS015378	SRR061403
SRS015395	SRR061225
SRS015395	SRR061252
SRS015434	SRR061224
SRS015434	SRR061228
SRS015440	SRR061325
SRS015440	SRR061354
SRS015440	SRR346662
SRS015484	SRR1804106
SRS015484	SRR1805052
SRS015537	SRR061441
SRS015537	SRR061451
SRS015574	SRR062519
SRS015574	SRR062528
SRS015590	SRR1804108
SRS015590	SRR1804244
SRS015596	SRR1804664
SRS015644	SRR062309
SRS015644	SRR062313
SRS015650	SRR063512
SRS015650	SRR063529
SRS015686	SRR1804454
SRS015686	SRR1804641
SRS015692	SRR1803992
SRS015692	SRR1804630
SRS015755	SRR061521
SRS015755	SRR061522
SRS015755	SRR353627
SRS015762	SRR061241
SRS015762	SRR061243
SRS015893	SRR061322
SRS015893	SRR061339
SRS015893	SRR353620
SRS015899	SRR061358
SRS015899	SRR061363
SRS015941	SRR061509
SRS015941	SRR061514
SRS015947	SRR061511
SRS015947	SRR061517
SRS015989	SRR061542
SRS015989	SRR061546
SRS016002	SRR061202
SRS016002	SRR061211
SRS016037	SRR061515
SRS016037	SRR061516
SRS016043	SRR061518
SRS016043	SRR061519
SRS016086	SRR061540
SRS016086	SRR061545
SRS016086	SRR353616
SRS016092	SRR061362
SRS016092	SRR061366
SRS016133	SRR1804379
SRS016133	SRR1804544
SRS016139	SRR1804437
SRS016139	SRR1804446
SRS016200	SRR063506
SRS016200	SRR063507
SRS016225	SRR061233
SRS016225	SRR061242
SRS016319	SRR061177
SRS016319	SRR061178
SRS016331	SRR061171
SRS016331	SRR061176
SRS016342	SRR059838
SRS016342	SRR059839
SRS016360	SRR060380
SRS016360	SRR060381
SRS016393	SRR1564247
SRS016393	SRR1565753
SRS016393	SRR1565890
SRS016393	SRR1568835
SRS016393	SRR1568854
SRS016393	SRR1568999
SRS016393	SRR1569011
SRS016393	SRR1569405
SRS016393	SRR1569933
SRS016393	SRR1571210
SRS016393	SRR1571608
SRS016393	SRR1571610
SRS016456	SRR1564175
SRS016456	SRR1564888
SRS016456	SRR1568853
SRS016456	SRR1568874
SRS016456	SRR1568989
SRS016456	SRR1569971
SRS016456	SRR1570023
SRS016456	SRR1571050
SRS016456	SRR1571214
SRS016456	SRR1571627
SRS016456	SRR1571641
SRS016456	SRR1708176
SRS016474	SRR1564202
SRS016474	SRR1565332
SRS016474	SRR1568856
SRS016474	SRR1568962
SRS016474	SRR1569266
SRS016474	SRR1569308
SRS016474	SRR1569376
SRS016474	SRR1569423
SRS016474	SRR1569925
SRS016474	SRR1569964
SRS016474	SRR1569993
SRS016474	SRR1571669
SRS016529	SRR062003
SRS016529	SRR062004
SRS1041125	SRR2175759
SRS016569	SRR059476
SRS016569	SRR059477
SRS016575	SRR059478
SRS016575	SRR059479
SRS016647	SRR1564324
SRS016647	SRR1564354
SRS016647	SRR1564382
SRS016647	SRR1565826
SRS016647	SRR1569918
SRS016647	SRR1570121
SRS016647	SRR1571063
SRS016647	SRR1571069
SRS016647	SRR1571074
SRS016647	SRR1571100
SRS016647	SRR1571607
SRS016647	SRR1571670
SRS016665	SRR1564236
SRS016665	SRR1565843
SRS016665	SRR1565853
SRS016665	SRR1565907
SRS016665	SRR1565912
SRS016665	SRR1568893
SRS016665	SRR1568930
SRS016665	SRR1568955
SRS016665	SRR1569005
SRS016665	SRR1569972
SRS016665	SRR1570024
SRS016665	SRR1571066
SRS016740	SRR059922
SRS016740	SRR059923
SRS016746	SRR059926
SRS016746	SRR059927
SRS016815	SRR532160
SRS016815	SRR532177
SRS016815	SRR532182
SRS016815	SRR532188
SRS016815	SRR532375
SRS016815	SRR533141
SRS016815	SRR533144
SRS016815	SRR533150
SRS016815	SRR533830
SRS016815	SRR533843
SRS016815	SRR533846
SRS016815	SRR533941
SRS016815	SRR533947
SRS016815	SRR537700
SRS016815	SRR537737
SRS016815	SRR538161
SRS016815	SRR538196
SRS016815	SRR538242
SRS016815	SRR539723
SRS016815	SRR539732
SRS016815	SRR539739
SRS016815	SRR539749
SRS016815	SRR539750
SRS016815	SRR539753
SRS016815	SRR540372
SRS016815	SRR540378
SRS016815	SRR540388
SRS016815	SRR540406
SRS016815	SRR540407
SRS016815	SRR541079
SRS016815	SRR541094
SRS016815	SRR545422
SRS016815	SRR545423
SRS016815	SRR545440
SRS016815	SRR549562
SRS016815	SRR549569
SRS016815	SRR549576
SRS016815	SRR549580
SRS016858	SRR1564167
SRS016858	SRR1564184
SRS016858	SRR1564197
SRS016858	SRR1568880
SRS016858	SRR1568887
SRS016858	SRR1568888
SRS016858	SRR1568904
SRS016858	SRR1568905
SRS016858	SRR1569302
SRS016858	SRR1569307
SRS016858	SRR1571167
SRS016858	SRR1571175
SRS016876	SRR1564201
SRS016876	SRR1565841
SRS016876	SRR1565906
SRS016876	SRR1565913
SRS016876	SRR1565920
SRS016876	SRR1568996
SRS016876	SRR1569223
SRS016876	SRR1569397
SRS016876	SRR1569401
SRS016876	SRR1569417
SRS016876	SRR1571089
SRS016876	SRR1571111
SRS016969	SRR532115
SRS016969	SRR532120
SRS016969	SRR532137
SRS016969	SRR532141
SRS016969	SRR532275
SRS016969	SRR532281
SRS016969	SRR532284
SRS016969	SRR532287
SRS016969	SRR532722
SRS016969	SRR532745
SRS016969	SRR532916
SRS016969	SRR532922
SRS016969	SRR532925
SRS016969	SRR532929
SRS016969	SRR532944
SRS016969	SRR533546
SRS016969	SRR533553
SRS016969	SRR537750
SRS016969	SRR538167
SRS016969	SRR538175
SRS016969	SRR538202
SRS016969	SRR538235
SRS016969	SRR539427
SRS016969	SRR539428
SRS016969	SRR539433
SRS016969	SRR539435
SRS016969	SRR539440
SRS016969	SRR539448
SRS016969	SRR539890
SRS016969	SRR539899
SRS016969	SRR539904
SRS016969	SRR540595
SRS016969	SRR540596
SRS016969	SRR540603
SRS016969	SRR540613
SRS016969	SRR540614
SRS016969	SRR540617
SRS016969	SRR540629
SRS017007	SRR059374
SRS017007	SRR059375
SRS017007	SRR062080
SRS017007	SRR062081
SRS017025	SRR059328
SRS017025	SRR059329
SRS017076	SRR060430
SRS017076	SRR060431
SRS017076	SRR062095
SRS017088	SRR062033
SRS017088	SRR062034
SRS017120	SRR059882
SRS017120	SRR059883
SRS017139	SRR059902
SRS017139	SRR059903
SRS017209	SRR059322
SRS017209	SRR059323
SRS017209	SRR062047
SRS017209	SRR062048
SRS017227	SRR059860
SRS017227	SRR059861
SRS017279	SRR1564195
SRS017279	SRR1565745
SRS017279	SRR1565748
SRS017279	SRR1568841
SRS017279	SRR1568937
SRS017279	SRR1569006
SRS017279	SRR1569219
SRS017279	SRR1569237
SRS017279	SRR1569316
SRS017279	SRR1569409
SRS017279	SRR1569988
SRS017279	SRR1571587
SRS017304	SRR061935
SRS017304	SRR061936
SRS017324	SRR1564308
SRS017324	SRR1564397
SRS017324	SRR1565845
SRS017324	SRR1565852
SRS017324	SRR1565855
SRS017324	SRR1568788
SRS017324	SRR1569319
SRS017324	SRR1569398
SRS017324	SRR1569910
SRS017324	SRR1569984
SRS017324	SRR1571165
SRS017324	SRR1571589
SRS017330	SRR1564198
SRS017330	SRR1564243
SRS017330	SRR1564245
SRS017330	SRR1568902
SRS017330	SRR1568909
SRS017330	SRR1568950
SRS017330	SRR1568956
SRS017330	SRR1569262
SRS017330	SRR1569396
SRS017330	SRR1569914
SRS017330	SRR1571077
SRS017330	SRR1571169
SRS017381	SRR1564212
SRS017381	SRR1564216
SRS017381	SRR1564379
SRS017381	SRR1568940
SRS017381	SRR1568948
SRS017381	SRR1570026
SRS017381	SRR1571062
SRS017381	SRR1571075
SRS017381	SRR1571196
SRS017381	SRR1571207
SRS017381	SRR1571212
SRS017381	SRR1571694
SRS017387	SRR531380
SRS017387	SRR532303
SRS017387	SRR532307
SRS017387	SRR532329
SRS017387	SRR532330
SRS017387	SRR532435
SRS017387	SRR532441
SRS017387	SRR532836
SRS017387	SRR532843
SRS017387	SRR532858
SRS017387	SRR532868
SRS017387	SRR539531
SRS017387	SRR539539
SRS017387	SRR539547
SRS017387	SRR540478
SRS017387	SRR541137
SRS017387	SRR545237
SRS017387	SRR545239
SRS017387	SRR545240
SRS017387	SRR545244
SRS017387	SRR545249
SRS017387	SRR545251
SRS017387	SRR545254
SRS017387	SRR549761
SRS017387	SRR549770
SRS017387	SRR646425
SRS017387	SRR646432
SRS017387	SRR646435
SRS017387	SRR646436
SRS017387	SRR646452
SRS017439	SRR059380
SRS017439	SRR059381
SRS017445	SRR059844
SRS017445	SRR059845
SRS017445	SRR062082
SRS017445	SRR062083
SRS017511	SRR059846
SRS017511	SRR059847
SRS017533	SRR061983
SRS017533	SRR061984
SRS017533	SRR062064
SRS017533	SRR062065
SRS017634	SRR1564323
SRS017634	SRR1564336
SRS017634	SRR1565842
SRS017634	SRR1565844
SRS017634	SRR1565847
SRS017634	SRR1565894
SRS017634	SRR1565917
SRS017634	SRR1565918
SRS017634	SRR1565922
SRS017634	SRR1565923
SRS017634	SRR1569312
SRS017634	SRR1571679
SRS017691	SRR059492
SRS017691	SRR059493
SRS017713	SRR061937
SRS017713	SRR061938
SRS017751	SRR1564374
SRS017751	SRR1565343
SRS017751	SRR1565736
SRS017751	SRR1565760
SRS017751	SRR1568986
SRS017751	SRR1569236
SRS017751	SRR1569276
SRS017751	SRR1569414
SRS017751	SRR1571039
SRS017751	SRR1571198
SRS017751	SRR1571585
SRS017751	SRR1571648
SRS017757	SRR532062
SRS017757	SRR532069
SRS017757	SRR532070
SRS017757	SRR532071
SRS017757	SRR532084
SRS017757	SRR532659
SRS017757	SRR532660
SRS017757	SRR532666
SRS017757	SRR532670
SRS017757	SRR532677
SRS017757	SRR532678
SRS017757	SRR532680
SRS017757	SRR532687
SRS017757	SRR533119
SRS017757	SRR533130
SRS017757	SRR537675
SRS017757	SRR537790
SRS017757	SRR537854
SRS017757	SRR538091
SRS017757	SRR538139
SRS017757	SRR539854
SRS017757	SRR539863
SRS017757	SRR540651
SRS017757	SRR540652
SRS017757	SRR540665
SRS017757	SRR541221
SRS017757	SRR541236
SRS017757	SRR541244
SRS017757	SRR545597
SRS017757	SRR545602
SRS017757	SRR545606
SRS017757	SRR545610
SRS017757	SRR545627
SRS017757	SRR545630
SRS017757	SRR549711
SRS017757	SRR549712
SRS017757	SRR549723
SRS017757	SRR549745
SRS017808	SRR059402
SRS017808	SRR059403
SRS017814	SRR060372
SRS017814	SRR060373
SRS018055	SRR1564172
SRS018055	SRR1564249
SRS018055	SRR1564326
SRS018055	SRR1564349
SRS018055	SRR1565832
SRS018055	SRR1569229
SRS018055	SRR1569299
SRS018055	SRR1569427
SRS018055	SRR1570053
SRS018055	SRR1571072
SRS018055	SRR1571110
SRS018055	SRR1571666
SRS018061	SRR1564165
SRS018061	SRR1564276
SRS018061	SRR1568838
SRS018061	SRR1568890
SRS018061	SRR1568932
SRS018061	SRR1568934
SRS018061	SRR1568968
SRS018061	SRR1569315
SRS018061	SRR1571073
SRS018061	SRR1571109
SRS018061	SRR1571168
SRS018061	SRR1571688
SRS018145	SRR060376
SRS018145	SRR060377
SRS018157	SRR061971
SRS018157	SRR061972
SRS018300	SRR059466
SRS018300	SRR059467
SRS018337	SRR061979
SRS018337	SRR061980
SRS018357	SRR059396
SRS018357	SRR059397
SRS018394	SRR062001
SRS018394	SRR062002
SRS018439	SRR059906
SRS018439	SRR059907
SRS018501	SRR642018
SRS018501	SRR642020
SRS018479	SRR532395
SRS018479	SRR532404
SRS018479	SRR532415
SRS018479	SRR532418
SRS018479	SRR532423
SRS018479	SRR532755
SRS018479	SRR533248
SRS018479	SRR533259
SRS018479	SRR533298
SRS018479	SRR533306
SRS018479	SRR533308
SRS018479	SRR533311
SRS018479	SRR533899
SRS018479	SRR533905
SRS018479	SRR537752
SRS018479	SRR537810
SRS018479	SRR537844
SRS018479	SRR538168
SRS018479	SRR539301
SRS018479	SRR539302
SRS018479	SRR539311
SRS018479	SRR539314
SRS018479	SRR539332
SRS018479	SRR539336
SRS018479	SRR540939
SRS018479	SRR540951
SRS018479	SRR540962
SRS018479	SRR540963
SRS018479	SRR549449
SRS018479	SRR549466
SRS018479	SRR549470
SRS018479	SRR549479
SRS018479	SRR549483
SRS018479	SRR549532
SRS018479	SRR549536
SRS018479	SRR549544
SRS018479	SRR549548
SRS018479	SRR549550
SRS018602	SRR1804661
SRS018591	SRR062540
SRS018591	SRR062541
SRS018610	SRR1804646
SRS018616	SRR1803366
SRS018616	SRR1804316
SRS018665	SRR061562
SRS018665	SRR061566
SRS018679	SRR1803364
SRS018679	SRR1804897
SRS018691	SRR1803347
SRS018691	SRR1804859
SRS018739	SRR061249
SRS018739	SRR061250
SRS018778	SRR061541
SRS018778	SRR061544
SRS018778	SRR346693
SRS018791	SRR061141
SRS018791	SRR061146
SRS018820	SRR1803346
SRS018820	SRR1804584
SRS018826	SRR1803348
SRS018826	SRR1804428
SRS018875	SRR1803874
SRS018875	SRR1804325
SRS018923	SRR1803880
SRS018923	SRR1804885
SRS018929	SRR1804287
SRS019170	SRR1804061
SRS019176	SRR1804610
SRS019219	SRR061446
SRS019219	SRR061458
SRS019225	SRR061520
SRS019225	SRR061524
SRS019270	SRR1804967
SRS019276	SRR1804582
SRS019327	SRR062281
SRS019327	SRR062305
SRS019333	SRR063536
SRS019333	SRR063537
SRS019387	SRR063510
SRS019387	SRR063511
SRS019389	SRR062377
SRS019389	SRR062378
SRS019389	SRR346667
SRS019389	SRR346699
SRS019437	SRR1804285
SRS019443	SRR1804249
SRS019488	SRR1804555
SRS019488	SRR1804851
SRS019494	SRR1804140
SRS019494	SRR1804548
SRS019591	SRR062450
SRS019591	SRR062452
SRS019607	SRR061213
SRS019607	SRR061214
SRS019696	SRR1804292
SRS019792	SRR1804207
SRS019792	SRR1804374
SRS019798	SRR1804151
SRS058808	SRR062279
SRS058808	SRR062315
SRS049389	SRR061210
SRS049389	SRR061221
SRS043755	SRR061576
SRS043755	SRR061577
SRS042643	SRR061279
SRS042643	SRR061292
SRS043454	SRR1804803
SRS053854	SRR061487
SRS053854	SRR061493
SRS053630	SRR061346
SRS053630	SRR061355
SRS053630	SRR346704
SRS056323	SRR063534
SRS056323	SRR063535
SRS054653	SRR062488
SRS054653	SRR062493
SRS054653	SRR353632
SRS057539	SRR061573
SRS057539	SRR061589
SRS051244	SRR061419
SRS051244	SRR061422
SRS042589	SRR1804051
SRS042589	SRR1804902
SRS052095	SRR1804074
SRS019974	SRR059480
SRS019974	SRR059481
SRS019980	SRR059484
SRS019980	SRR059485
SRS020220	SRR059470
SRS020220	SRR059471
SRS020226	SRR059490
SRS020226	SRR059491
SRS020277	SRR1564314
SRS020277	SRR1564330
SRS020277	SRR1564331
SRS020277	SRR1564346
SRS020277	SRR1565829
SRS020277	SRR1569273
SRS020277	SRR1569284
SRS020277	SRR1569936
SRS020277	SRR1570103
SRS020277	SRR1571117
SRS020277	SRR1571653
SRS020277	SRR1571693
SRS020283	SRR1564193
SRS020283	SRR1564208
SRS020283	SRR1564211
SRS020283	SRR1564223
SRS020283	SRR1568881
SRS020283	SRR1568897
SRS020283	SRR1569394
SRS020283	SRR1570097
SRS020283	SRR1571087
SRS020283	SRR1571136
SRS020283	SRR1571187
SRS020283	SRR1571583
SRS020334	SRR059442
SRS020334	SRR059443
SRS020340	SRR059446
SRS020340	SRR059447
SRS020400	SRR1564272
SRS020400	SRR1564372
SRS020400	SRR1564886
SRS020400	SRR1568896
SRS020400	SRR1569393
SRS020400	SRR1569951
SRS020400	SRR1571091
SRS020400	SRR1571093
SRS020400	SRR1571588
SRS020400	SRR1571623
SRS020400	SRR1571633
SRS020400	SRR1571696
SRS020406	SRR1564242
SRS020406	SRR1564266
SRS020406	SRR1564339
SRS020406	SRR1568832
SRS020406	SRR1568837
SRS020406	SRR1568965
SRS020406	SRR1569238
SRS020406	SRR1569317
SRS020406	SRR1569922
SRS020406	SRR1570136
SRS020406	SRR1571130
SRS020406	SRR1571592
SRS020540	SRR1564261
SRS020540	SRR1565742
SRS020540	SRR1565749
SRS020540	SRR1565750
SRS020540	SRR1565754
SRS020540	SRR1569224
SRS020540	SRR1569313
SRS020540	SRR1569323
SRS020540	SRR1569380
SRS020540	SRR1569962
SRS020540	SRR1570137
SRS020540	SRR1571182
SRS020571	SRR527885
SRS020571	SRR527971
SRS020571	SRR528027
SRS020571	SRR528052
SRS020571	SRR528149
SRS020571	SRR528177
SRS020571	SRR528232
SRS020571	SRR528305
SRS020571	SRR528360
SRS020571	SRR528387
SRS020571	SRR528441
SRS020571	SRR528483
SRS020571	SRR528514
SRS020628	SRR532334
SRS020628	SRR532340
SRS020628	SRR532344
SRS020628	SRR532346
SRS020628	SRR532352
SRS020628	SRR532530
SRS020628	SRR532536
SRS020628	SRR532538
SRS020628	SRR532542
SRS020628	SRR532547
SRS020628	SRR532548
SRS020628	SRR532554
SRS020628	SRR532555
SRS020628	SRR533293
SRS020628	SRR533294
SRS020628	SRR533321
SRS020628	SRR533322
SRS020628	SRR533328
SRS020628	SRR533735
SRS020628	SRR533754
SRS020628	SRR533763
SRS020628	SRR537768
SRS020628	SRR537833
SRS020628	SRR538085
SRS020628	SRR538098
SRS020628	SRR538129
SRS020628	SRR538159
SRS020628	SRR539593
SRS020628	SRR540686
SRS020628	SRR540699
SRS020628	SRR545269
SRS020628	SRR545270
SRS020628	SRR545271
SRS020628	SRR545285
SRS020628	SRR549416
SRS020628	SRR549419
SRS020628	SRR549420
SRS020628	SRR549623
SRS020856	SRR059500
SRS020856	SRR059501
SRS020862	SRR059842
SRS020862	SRR059843
SRS022143	SRR059954
SRS022143	SRR059955
SRS022149	SRR059956
SRS022149	SRR059957
SRS022281	SRR532336
SRS022281	SRR532337
SRS022281	SRR532338
SRS022281	SRR532342
SRS022281	SRR532353
SRS022281	SRR532534
SRS022281	SRR532544
SRS022281	SRR533336
SRS022281	SRR533339
SRS022281	SRR533349
SRS022281	SRR533350
SRS022281	SRR533738
SRS022281	SRR533748
SRS022281	SRR533758
SRS022281	SRR533759
SRS022281	SRR533761
SRS022281	SRR533762
SRS022281	SRR537683
SRS022281	SRR537717
SRS022281	SRR537786
SRS022281	SRR538221
SRS022281	SRR538241
SRS022281	SRR539577
SRS022281	SRR539578
SRS022281	SRR539580
SRS022281	SRR539588
SRS022281	SRR539600
SRS022281	SRR539602
SRS022281	SRR539603
SRS022281	SRR540681
SRS022281	SRR540700
SRS022281	SRR549422
SRS022281	SRR549447
SRS022281	SRR549602
SRS022281	SRR549609
SRS022281	SRR549620
SRS022281	SRR549624
SRS022281	SRR549636
SRS022530	SRR060020
SRS022536	SRR060033
SRS022719	SRR060036
SRS022725	SRR063746
SRS022725	SRR063790
SRS022883	SRR532196
SRS022883	SRR532199
SRS022883	SRR532207
SRS022883	SRR532213
SRS022883	SRR532216
SRS022883	SRR532219
SRS022883	SRR532221
SRS022883	SRR532222
SRS022883	SRR532229
SRS022883	SRR532240
SRS022883	SRR532254
SRS022883	SRR532559
SRS022883	SRR532570
SRS022883	SRR537696
SRS022883	SRR537742
SRS022883	SRR538171
SRS022883	SRR538220
SRS022883	SRR538239
SRS022883	SRR539794
SRS022883	SRR539797
SRS022883	SRR539806
SRS022883	SRR539811
SRS022883	SRR540376
SRS022883	SRR540379
SRS022883	SRR540387
SRS022883	SRR540396
SRS022883	SRR541332
SRS022883	SRR541333
SRS022883	SRR541339
SRS022883	SRR541348
SRS022883	SRR541356
SRS022883	SRR541367
SRS022883	SRR545458
SRS022883	SRR545471
SRS022883	SRR545479
SRS022883	SRR549560
SRS022883	SRR549573
SRS022883	SRR549590
SRS023352	SRR060007
SRS023358	SRR060004
SRS055426	SRR063675
SRS055426	SRR063692
SRS058053	SRR063708
SRS058693	SRR527944
SRS058693	SRR527986
SRS058693	SRR528015
SRS058693	SRR528063
SRS058693	SRR528095
SRS058693	SRR528139
SRS058693	SRR528193
SRS058693	SRR528249
SRS058693	SRR528316
SRS058693	SRR528345
SRS058693	SRR528430
SRS058693	SRR528468
SRS058693	SRR528523
SRS045602	SRR1804282
SRS045602	SRR1804771
SRS047126	SRR1804760
SRS047126	SRR1804761
SRS056113	SRR1804469
SRS043461	SRR1804157
SRS043461	SRR1804816
SRS056327	SRR1804308
SRS056327	SRR1804797
SRS051228	SRR1804890
SRS057244	SRR1804535
SRS042307	SRR1803859
SRS042307	SRR1805094
SRS049211	SRR1803292
SRS049211	SRR1804480
SRS056090	SRR1804493
SRS046595	SRR1803341
SRS046595	SRR1805089
SRS047824	SRR061490
SRS047824	SRR061492
SRS052876	SRR062295
SRS052876	SRR062496
SRS054687	SRR061587
SRS054687	SRR061588
SRS051941	SRR061571
SRS051941	SRR061582
SRS057791	SRR061399
SRS057791	SRR061417
SRS054196	SRR1804070
SRS054196	SRR1804849
SRS050244	SRR061575
SRS050244	SRR061584
SRS055401	SRR061579
SRS055401	SRR061597
SRS048744	SRR1804620
SRS044366	SRR063527
SRS044366	SRR063528
SRS050709	SRR1803894
SRS050709	SRR1804640
SRS045588	SRR1804057
SRS052227	SRR063508
SRS052227	SRR063509
SRS052604	SRR061580
SRS052604	SRR061599
SRS052570	SRR1804215
SRS052570	SRR1805045
SRS056951	SRR1804809
SRS053895	SRR1804718
SRS043494	SRR1804456
SRS043494	SRR1804722
SRS043942	SRR1803876
SRS043942	SRR1804004
SRS057619	SRR1804199
SRS057619	SRR1804978
SRS043663	SRR066419
SRS045313	SRR063747
SRS045313	SRR063789
SRS063485	SRR532194
SRS063485	SRR532195
SRS063485	SRR532200
SRS063485	SRR532204
SRS063485	SRR532208
SRS063485	SRR532215
SRS063485	SRR532223
SRS063485	SRR532242
SRS063485	SRR532249
SRS063485	SRR532250
SRS063485	SRR532255
SRS063485	SRR532256
SRS063485	SRR532564
SRS063485	SRR532960
SRS063485	SRR532964
SRS063485	SRR532971
SRS063485	SRR533852
SRS063485	SRR533861
SRS063485	SRR533934
SRS063485	SRR537731
SRS063485	SRR537795
SRS063485	SRR538074
SRS063485	SRR538211
SRS063485	SRR538229
SRS063485	SRR539813
SRS063485	SRR539982
SRS063485	SRR539992
SRS063485	SRR539999
SRS063485	SRR540427
SRS063485	SRR540431
SRS063485	SRR540432
SRS063485	SRR541334
SRS063485	SRR541345
SRS063485	SRR541354
SRS063485	SRR541362
SRS063485	SRR541364
SRS063485	SRR545456
SRS063485	SRR545469
SRS062714	SRR1804562
SRS062714	SRR1804882
SRS075765	SRR1031091
SRS075765	SRR1031404
SRS075765	SRR1031432
SRS075765	SRR1031433
SRS075765	SRR1031580
SRS075765	SRR1031635
SRS075765	SRR1031841
SRS075765	SRR1031943
SRS075771	SRR1031059
SRS075771	SRR1031293
SRS075771	SRR1031321
SRS075771	SRR1031408
SRS075771	SRR1031630
SRS075771	SRR1031665
SRS075771	SRR1031685
SRS075771	SRR1031890
SRS075870	SRR1031080
SRS075870	SRR1031275
SRS075870	SRR1031639
SRS075870	SRR1031671
SRS075870	SRR1031795
SRS075870	SRR1031796
SRS075870	SRR1031806
SRS075870	SRR1031865
SRS075876	SRR1031067
SRS075876	SRR1031090
SRS075876	SRR1031206
SRS075876	SRR1031398
SRS075876	SRR1031417
SRS075876	SRR1031616
SRS075876	SRR1031754
SRS075876	SRR1031904
SRS075987	SRR1031201
SRS075987	SRR1031216
SRS075987	SRR1031332
SRS075987	SRR1031379
SRS075987	SRR1031406
SRS075987	SRR1031646
SRS075987	SRR1031762
SRS075987	SRR1031951
SRS075993	SRR1031072
SRS075993	SRR1031167
SRS075993	SRR1031399
SRS075993	SRR1031692
SRS075993	SRR1031729
SRS075993	SRR1031748
SRS075993	SRR1031829
SRS075993	SRR1031906
SRS063823	SRR1804274
SRS063823	SRR1804569
SRS064466	SRR1804753
SRS063373	SRR1804457
SRS063373	SRR1804491
SRS064937	SRR1804081
SRS064197	SRR1804773
SRS064197	SRR1804812
SRS062418	SRR1804424
SRS065299	SRR1804077
SRS076764	SRR1031272
SRS076764	SRR1031520
SRS076764	SRR1031632
SRS076764	SRR1031644
SRS076764	SRR1031679
SRS076764	SRR1031730
SRS076764	SRR1031777
SRS076764	SRR1031825
SRS076770	SRR1031092
SRS076770	SRR1031118
SRS076770	SRR1031326
SRS076770	SRR1031664
SRS076770	SRR1031738
SRS076770	SRR1031797
SRS076770	SRR1031812
SRS076770	SRR1031843
SRS076868	SRR1031383
SRS076868	SRR1031483
SRS076868	SRR1031516
SRS076868	SRR1031653
SRS076868	SRR1031822
SRS076868	SRR1031879
SRS076868	SRR1031927
SRS076868	SRR1031930
SRS076874	SRR1031098
SRS076874	SRR1031177
SRS076874	SRR1031183
SRS076874	SRR1031254
SRS076874	SRR1031270
SRS076874	SRR1031286
SRS076874	SRR1031761
SRS076874	SRR1031934
SRS077239	SRR1031081
SRS077239	SRR1031117
SRS077239	SRR1031250
SRS077239	SRR1031285
SRS077239	SRR1031657
SRS077239	SRR1031741
SRS077239	SRR1031791
SRS077239	SRR1031802
SRS077245	SRR1031198
SRS077245	SRR1031213
SRS077245	SRR1031385
SRS077245	SRR1031480
SRS077245	SRR1031548
SRS077245	SRR1031732
SRS077245	SRR1031780
SRS077245	SRR1031876
SRS077384	SRR1031084
SRS077384	SRR1031446
SRS077384	SRR1031501
SRS077384	SRR1031519
SRS077384	SRR1031528
SRS077384	SRR1031652
SRS077384	SRR1031735
SRS077384	SRR1031830
SRS077390	SRR1031110
SRS077390	SRR1031136
SRS077390	SRR1031163
SRS077390	SRR1031389
SRS077390	SRR1031715
SRS077390	SRR1031828
SRS077390	SRR1031847
SRS077390	SRR1031929
SRS077441	SRR1031061
SRS077441	SRR1031266
SRS077441	SRR1031358
SRS077441	SRR1031533
SRS077441	SRR1031540
SRS077441	SRR1031834
SRS077441	SRR1031840
SRS077441	SRR1031886
SRS077447	SRR1031095
SRS077447	SRR1031215
SRS077447	SRR1031221
SRS077447	SRR1031289
SRS077447	SRR1031547
SRS077447	SRR1031814
SRS077447	SRR1031816
SRS077447	SRR1031891
SRS077633	SRR1031057
SRS077633	SRR1031058
SRS077633	SRR1031230
SRS077633	SRR1031281
SRS077633	SRR1031337
SRS077633	SRR1031576
SRS077633	SRR1031882
SRS077633	SRR1031932
SRS077639	SRR1031232
SRS077639	SRR1031479
SRS077639	SRR1031518
SRS077639	SRR1031758
SRS077639	SRR1031783
SRS077639	SRR1031801
SRS077639	SRR1031819
SRS077639	SRR1031870
SRS097912	SRR1031300
SRS097912	SRR1031325
SRS097912	SRR1031526
SRS097912	SRR1031660
SRS097912	SRR1031766
SRS097912	SRR1031778
SRS097912	SRR1031859
SRS097912	SRR1031885
SRS097918	SRR1031107
SRS097918	SRR1031248
SRS097918	SRR1031292
SRS097918	SRR1031565
SRS097918	SRR1031637
SRS097918	SRR1031793
SRS097918	SRR1031908
SRS097918	SRR1031931
SRS097966	SRR1031132
SRS097966	SRR1031223
SRS097966	SRR1031236
SRS097966	SRR1031570
SRS097966	SRR1031713
SRS097966	SRR1031750
SRS097966	SRR1031887
SRS097966	SRR1031945
SRS097972	SRR1031100
SRS097972	SRR1031218
SRS097972	SRR1031303
SRS097972	SRR1031393
SRS097972	SRR1031445
SRS097972	SRR1031586
SRS097972	SRR1031625
SRS097972	SRR1031826
SRS098045	SRR1174992
SRS098045	SRR1179030
SRS098045	SRR1179045
SRS098057	SRR1174999
SRS098057	SRR1179035
SRS098057	SRR1179047
SRS1054712	SRR2240288
SRS1054712	SRR2240293
SRS893260	SRR1952488
SRS893291	SRR1952523
SRS1054853	SRR2240574
SRS1054881	SRR2240575
SRS1054881	SRR2240725
SRS893283	SRR1952516
SRS893280	SRR1952512
SRS893318	SRR1952551
